class,accuracy,f1,precision,recall,auc,eer,support
authentic,0.9967,0.9983,1.0,0.9967,0.9997,0.000667,1500
copymove,0.9173,0.9345,0.9522,0.9173,0.9896,0.03575,1500
enhancement,0.9353,0.9261,0.917,0.9353,0.9865,0.038,1500
removal,0.9967,0.997,0.9973,0.9967,0.9996,0.001417,1500
splicing,0.9693,0.9594,0.9497,0.9693,0.9968,0.0185,1500
MACRO,0.9631,0.9631,0.9632,0.9631,0.9944,,7500
